reclass_cat,pixels,sqmeter,acreage,stock_abvgc_mtco2e_pixel_sum,stock_soilc_mtco2e_pix_sum,emit_no_mtco2e_pix_sum,net,year
Fallow,33569,30212100,7465.307635285397,0,93492.839142,0,93492.839142,2019
Fodder,22890,20601000,5090.437361008154,6241.766198371198,93081.450915,553.9216532527123,99323.2171133712,2019
Greenhouse,7608,6847200,1691.9199406968125,0,15571.767708,0,15571.767708,2019
Orchard,61306,55175400,13633.654558932543,114213.07799999998,228282.135534,3243.592313332583,342495.213534,2019
Pastureland,7761,6984900,1725.9451445515197,2116.3105052668798,33169.246047,187.81065753142417,35285.55655226688,2019
Row Crop,281537,253383300,62610.15567086731,51180.66492473668,914318.3963699996,24135.718277978543,965499.0612947363,2019
Vineyard,142431,128187900,31674.79614529281,37174.49099999994,511507.09494900005,1873.222002071272,548681.585949,2019
Total,557102,501391800,123892.21645663455,210926.3106283747,1889422.9306649996,29994.264904166535,2100349.2412933744,2019
