reclass_cat,pixels,sqmeter,acreage,stock_abvgc_mtco2e_pixel_sum,stock_soilc_mtco2e_pix_sum,emit_no_mtco2e_pix_sum,net,year
Fallow,38879,34991100,8646.182357301705,0,399145.50085653004,0,399145.50085653004,2019
Fodder,112812,101530800,25087.916975537435,45688.85999451734,1898031.1022442004,1559.9827634461697,1942159.9794752717,2019
Greenhouse,7608,6847200,1691.9199406968125,0,57148.38748836,0,57148.38748836,2019
Orchard,61306,55175400,13633.654558932543,419161.9962599999,837795.4374097801,1853.481321904332,1255103.9523478756,2019
Row Crop,309569,278612100,68844.10674573759,83538.77345190023,3677461.0181435705,14903.675655577914,3746096.115939893,2019
Vineyard,142874,128586600,31773.313565604152,136854.71837999998,1884105.65384784,1075.3372024369944,2019885.035025403,2019
Total,673048,605743200,149677.09414381025,685244.3480864174,8753687.09999028,19392.47694336541,9419538.971133333,2019
