Landcover Classification,Total Aboveground Carbon (MT CO2e),Total Soil Carbon (MTCO2e),Total NO Emissions (MT CO2e),"Total Net, Stocks Minus Emissions (MTCO2e)",Acres,Year
Fallow,0,103911.16621355999,10.542922408848419,103900.62329115115,8027.50185322461,2016
Fodder,16386.36236858528,224348.05815993,338.9956207661441,240395.42490774914,6844.403261675315,2016
Greenhouse,0,71191.98013203,44.56982383314936,71147.41030819685,1937.2127501853224,2016
Orchard,424289.90375999996,822762.8004575701,1925.1633642640352,1245127.5408533062,16878.280207561158,2016
Pastureland,11435.627384012703,178861.02179814,130.71973240025923,190165.92944975244,2541.2157153446997,2016
Row Crop,227545.0001803554,3873397.0170854703,18324.19901831681,4082617.8182475087,80597.47961452928,2016
Vineyard,125321.00570999997,1775102.98860783,1086.4004846448167,1899337.593833185,30613.120830244625,2016
Total,804977.8994029533,7049575.032454531,21860.590966634063,7832692.34089085,147439.21423276502,2016
