Landcover Classification,Total Aboveground Carbon (MT CO2e),Total Soil Carbon (MTCO2e),Total NO Emissions (MT CO2e),"Total Net, Stocks Minus Emissions (MTCO2e)",Acres,Year
Fallow,0,276669.09387359995,10.565468327348158,276658.5284052726,10115.715344699778,2016
Fodder,110203.14059048575,1879747.6255413303,1632.8526750985625,1988317.9134567175,27043.143068939957,2016
Greenhouse,0,71191.98013203,44.56982383314936,71147.41030819685,1937.2127501853224,2016
Orchard,435345.6723299999,847164.5167095901,1981.3067595937177,1280528.8822799963,16423.054114158636,2016
Pastureland,19665.836503302147,295138.76722641,238.64914854424126,314565.9545811679,4370.126019273536,2016
Row Crop,249196.00101848622,4268834.29477089,19065.178896647547,4498965.116892728,87138.54707190511,2016
Vineyard,128044.23011999998,1819934.71941438,1123.6921853740034,1946855.257349006,30925.352112676057,2016
Total,942454.880562274,9458680.99766823,24096.81495741857,10377039.063273085,177953.15048183838,2016
