Landcover Classification,Total Aboveground Carbon (MT CO2e),Total Soil Carbon (MTCO2e),Total NO Emissions (MT CO2e),"Total Net, Stocks Minus Emissions (MTCO2e)",Acres,Year
Fallow,0,336056.69627396995,13.22889283278411,336043.4673811372,6126.093402520385,2016
Fodder,44347.4999946783,1872168.8755923903,1601.8174667530536,1914914.5581203154,24351.37138621201,2016
Greenhouse,0,71191.98013203,44.56982383314936,71147.41030819685,1937.2127501853224,2016
Orchard,435345.6723299999,847164.5167095901,1984.389688489372,1280525.7993511008,16430.170496664196,2016
Row Crop,102200.06318220029,4338021.30749577,19168.703591847298,4421052.6670861235,88308.74722016309,2016
Vineyard,126923.52221999997,1804750.71515451,1100.114415337592,1930574.1229591724,30670.0518902891,2016
Total,708816.7577268785,9269354.091358261,23912.82387909325,9954258.025206046,167823.6471460341,2016
