Landcover Classification,Total Aboveground Carbon (MT CO2e),Total Soil Carbon (MTCO2e),Total NO Emissions (MT CO2e),"Total Net, Stocks Minus Emissions (MTCO2e)",Acres,Year
Fallow,0,336056.69627396995,0,336056.69627396995,6126.093402520385,2016
Fodder,44347.4999946783,1872168.8755923903,1514.1838864425379,1915002.191700626,24351.37138621201,2016
Greenhouse,0,71191.98013203,0,71191.98013203,1937.2127501853224,2016
Orchard,435345.6723299999,847164.5167095901,1681.0109073201309,1280829.17813227,14160.04447739066,2016
Row Crop,102200.06318220029,4338021.30749577,18375.43236351562,4421845.938314455,84222.83172720534,2016
Vineyard,126923.52221999997,1804750.71515451,997.6836481034497,1930676.5537264065,29467.605633802817,2016
Total,708816.7577268785,9269354.091358261,22568.31080538174,9955602.538279757,160265.15937731654,2016
