Landcover Classification,Total Aboveground Carbon (MT CO2e),Total Soil Carbon (MTCO2e),Total NO Emissions (MT CO2e),"Total Net, Stocks Minus Emissions (MTCO2e)",Acres,Year
Fallow,0,28313.669268,18.450114215484735,28295.219153784517,8027.50185322461,2016
Fodder,4464.9488742739195,61130.261079,593.2423363407522,65001.96761693317,6844.403261675315,2016
Greenhouse,0,19398.359709,77.99719170801139,19320.36251729199,1937.2127501853224,2016
Orchard,115610.32799999998,224186.049171,3369.0358874620647,336427.3412835379,16878.280207561158,2016
Pastureland,3115.9747640361597,48735.97324200001,228.75953170045364,51623.188474335715,2541.2157153446997,2016
Row Crop,62001.36244696331,1055421.5305409997,32067.348282054223,1085355.5447059087,80597.47961452928,2016
Vineyard,34147.41299999996,483679.28844900004,1901.2008481284254,515925.5006008716,30613.120830244625,2016
Total,219340.02708527332,1920865.1314589998,38256.03419160942,2101949.1243526638,147439.21423276502,2016
