reclass_cat,pixels,sqmeter,acreage,stock_abvgc_mtco2e_pixel_sum,stock_soilc_mtco2e_pix_sum,emit_no_mtco2e_pix_sum,net,year
Fallow,5899,5309100,1311.860637509266,0,69163.79022369,0,69163.79022369,2012
Fodder,12753,11477700,2836.100815418829,12762.628513898137,155502.95660307,176.35056715800636,168089.23454981012,2012
Greenhouse,3628,3265200,806.8198665678281,0,50637.39976971,0,50637.39976971,2012
Orchard,55328,49795200,12304.225352112677,378289.15487999993,744538.1947713901,1473.6306931431793,1121353.7189582468,2012
Pastureland,18033,16229700,4010.303928836175,18046.614913441943,241413.654024,249.3632696275644,259210.90566781437,2012
Row Crop,331046,297941400,73620.31134173462,220863.95980093218,3704667.529462381,16367.401325499672,3909164.0879378133,2012
Vineyard,119792,107812800,26640.17790956264,114745.16303999997,1599738.3645941701,900.2735563069527,1713583.2540778632,2012
Total,546479,491831100,121529.79985174203,744707.5211482722,6565661.889448411,19167.019411735375,7291202.391184947,2012
