Landcover Classification,Total Aboveground Carbon (MT CO2e),Total Soil Carbon (MTCO2e),Total NO Emissions (MT CO2e),"Total Net, Stocks Minus Emissions (MTCO2e)",Acres,Year
Fallow,0,103911.16621355999,18.450114215484735,103892.7160993445,8027.50185322461,2016
Fodder,16386.36236858528,224348.05815993,593.2423363407522,240141.17819217453,6844.403261675315,2016
Greenhouse,0,71191.98013203,77.99719170801139,71113.98294032199,1937.2127501853224,2016
Orchard,424289.90375999996,822762.8004575701,3369.0358874620647,1243683.668330108,16878.280207561158,2016
Pastureland,11435.627384012703,178861.02179814,228.75953170045364,190067.88965045224,2541.2157153446997,2016
Row Crop,227545.0001803554,3873397.0170854703,32067.348282054223,4068874.6689837715,80597.47961452928,2016
Vineyard,125321.00570999997,1775102.98860783,1901.2008481284254,1898522.7934697014,30613.120830244625,2016
Total,804977.8994029533,7049575.032454531,38256.03419160942,7816296.897665874,147439.21423276502,2016
