reclass_cat,pixels,sqmeter,acreage,stock_abvgc_mtco2e_pixel_sum,stock_soilc_mtco2e_pix_sum,emit_no_mtco2e_pix_sum,net,year
Fallow,33569,30212100,7465.307635285397,0,343118.71965114004,0,343118.71965114004,2019
Fodder,22890,20601000,5090.437361008154,22907.281948022297,341608.92485804996,553.9216532527123,363962.28515281953,2019
Greenhouse,7608,6847200,1691.9199406968125,0,57148.38748836,0,57148.38748836,2019
Orchard,61306,55175400,13633.654558932543,419161.9962599999,837795.4374097801,3243.592313332583,1253713.8413564474,2019
Pastureland,7761,6984900,1725.9451445515197,7766.859554329448,121731.13299248999,187.81065753142417,129310.18188928801,2019
Row Crop,281537,253383300,62610.15567086731,187833.0402737838,3355548.514677901,24135.718277978543,3519245.836673706,2019
Vineyard,142431,128187900,31674.79614529281,136430.38196999996,1877231.03846283,1873.222002071272,2011788.1984307587,2019
Total,557102,501391800,123892.21645663455,774099.5600061354,6934182.155540551,29994.264904166535,7678287.45064252,2019
