class,acres,abvgc,soilc,noemit,net,year,best_abvg,best_soil,best_overall,worst_n2o
Fallow,8027.50185322461,0,103911.16621355999,10.542922408848419,103900.62329115115,2016,0,12.944396415407784,12.944396415407784,0.0013133503550190244
Fodder,6844.403261675315,16386.36236858528,224348.05815993,338.9956207661441,240395.42490774914,2016,2.3941257903869277,32.77832260646431,35.17244839685123,0.04952887896952577
Greenhouse,1937.2127501853224,0,71191.98013203,44.56982383314936,71147.41030819685,2016,0,36.74969624540178,36.74969624540178,0.023007191042329043
Orchard,16878.280207561158,424289.90375999996,822762.8004575701,1925.1633642640352,1245127.5408533062,2016,25.1382189738695,48.746838560541704,73.8850575344112,0.11406158332420607
Pastureland,2541.2157153446997,11435.627384012703,178861.02179814,130.71973240025923,190165.92944975244,2016,4.500061649611487,70.38403734012743,74.88409898973893,0.05143984102212588
Row Crop,80597.47961452928,227545.0001803554,3873397.0170854703,18324.19901831681,4082617.8182475087,2016,2.8232272431920555,48.05853775590291,50.88176499909496,0.22735449180241502
Vineyard,30613.120830244625,125321.00570999997,1775102.98860783,1086.4004846448167,1899337.593833185,2016,4.093702383527898,57.985038456258735,62.07874083978663,0.03548806705037055
Rangeland,586047,31809407.633019406,22666597.12087582,0,54476004.75389522,2016,54.27791223744752,38.677097776928846,92.95501001437636,0
