class,acres,abvgc,soilc,noemit,net,year,best_abvg,best_soil,best_overall,worst_n2o
Fallow,7789.547813194959,0,83011.00597505999,10.542922408848419,83000.46305265115,2016,0,10.65671691936277,10.65671691936277,0.0013534704018363468
Fodder,4396.590066716086,5371.05208453629,66842.36552439,93.90495300040376,72119.5126559259,2016,1.2216404083694916,15.203228982026996,16.424869390396488,0.021358587354163662
Greenhouse,1937.2127501853224,0,71191.98013203,44.56982383314936,71147.41030819685,2016,0,36.74969624540178,36.74969624540178,0.023007191042329043
Orchard,16878.280207561158,424289.90375999996,822762.8004575701,1925.1633642640352,1245127.5408533062,2016,25.1382189738695,48.746838560541704,73.8850575344112,0.11406158332420607
Pastureland,5577.909562638992,25100.936907832907,381968.03783240996,380.7094779498698,406688.265262293,2016,4.500061649611487,68.47870757726936,72.97876922688086,0.068253074682292
Row Crop,80343.73610081543,226783.75921042112,3855572.9569647005,18330.917401417486,4064025.798773704,2016,2.822668825430928,47.98846984320872,50.81113866863964,0.22815614870605253
Vineyard,30515.937731653077,124902.41651999997,1768225.8855683699,1084.8637548398744,1892043.43833353,2016,4.093022394341932,57.94434046620344,62.03736286054537,0.03555072645578853
Rangeland,586047,31809407.633019406,22666597.12087582,0,54476004.75389522,2016,54.27791223744752,38.677097776928846,92.95501001437636,0
