class,acres,abvgc,soilc,noemit,net,year,best_abvg,best_soil,best_overall,worst_n2o
Fallow,8027.50185322461,0,103911.16621355999,18.450114215484735,103892.7160993445,2016,0,12.944396415407784,12.944396415407784,0.002298363121283293
Fodder,6844.403261675315,16386.36236858528,224348.05815993,593.2423363407522,240141.17819217453,2016,2.3941257903869277,32.77832260646431,35.17244839685123,0.08667553819667011
Greenhouse,1937.2127501853224,0,71191.98013203,77.99719170801139,71113.98294032199,2016,0,36.74969624540178,36.74969624540178,0.040262584324075826
Orchard,16878.280207561158,424289.90375999996,822762.8004575701,3369.0358874620647,1243683.668330108,2016,25.1382189738695,48.746838560541704,73.8850575344112,0.1996077708173608
Pastureland,2541.2157153446997,11435.627384012703,178861.02179814,228.75953170045364,190067.88965045224,2016,4.500061649611487,70.38403734012743,74.88409898973893,0.09001972178872027
Row Crop,80597.47961452928,227545.0001803554,3873397.0170854703,32067.348282054223,4068874.6689837715,2016,2.8232272431920555,48.05853775590291,50.88176499909496,0.39787036065422393
Vineyard,30613.120830244625,125321.00570999997,1775102.98860783,1901.2008481284254,1898522.7934697014,2016,4.093702383527898,57.985038456258735,62.07874083978663,0.06210411733814834
Rangeland,586047,31809407.633019406,22666597.12087582,0,54476004.75389522,2016,54.27791223744752,38.677097776928846,92.95501001437636,0
