class,acres,abvgc,soilc,noemit,net,year,best_abvg,best_soil,best_overall,worst_n2o
Fallow,8027.50185322461,0,28313.669268,18.450114215484735,28295.219153784517,2016,0,3.527083491936726,3.527083491936726,0.002298363121283293
Fodder,6844.403261675315,4464.9488742739195,61130.261079,593.2423363407522,65001.96761693317,2016,0.6523503516040677,8.931423053532509,9.583773405136577,0.08667553819667011
Greenhouse,1937.2127501853224,0,19398.359709,77.99719170801139,19320.36251729199,2016,0,10.013541211281138,10.013541211281138,0.040262584324075826
Orchard,16878.280207561158,115610.32799999998,224186.049171,3369.0358874620647,336427.3412835379,2016,6.849650946558446,13.282517318948692,20.13216826550714,0.1996077708173608
Pastureland,2541.2157153446997,3115.9747640361597,48735.97324200001,228.75953170045364,51623.188474335715,2016,1.2261748364064,19.178211809299032,20.404386645705433,0.09001972178872027
Row Crop,80597.47961452928,62001.36244696331,1055421.5305409997,32067.348282054223,1085355.5447059087,2016,0.7692717283902056,13.094969415777355,13.864241144167561,0.39787036065422393
Vineyard,30613.120830244625,34147.41299999996,483679.28844900004,1901.2008481284254,515925.5006008716,2016,1.1154502407432954,15.799737998980584,16.91518823972388,0.06210411733814834
Rangeland,586047,8667413.523983456,6176184.501601023,0,14843598.025584478,2016,14.789621863064662,10.538718740307557,25.32834060337222,0
