class,acres,abvgc,soilc,noemit,net,year,best_abvg,best_soil,best_overall,worst_n2o
Fallow,10115.715344699778,0,276669.09387359995,10.565468327348158,276658.5284052726,2016,0,27.35042302456279,27.35042302456279,0.0010444608183724775
Fodder,27043.143068939957,110203.14059048575,1879747.6255413303,1632.8526750985625,1988317.9134567175,2016,4.07508625419573,69.50921424885296,73.58430050304868,0.060379545045337345
Greenhouse,1937.2127501853224,0,71191.98013203,44.56982383314936,71147.41030819685,2016,0,36.74969624540178,36.74969624540178,0.023007191042329043
Orchard,16423.054114158636,435345.6723299999,847164.5167095901,1981.3067595937177,1280528.8822799963,2016,26.508204217306933,51.583859544080354,78.0920637613873,0.1206417969411423
Pastureland,4370.126019273536,19665.836503302147,295138.76722641,238.64914854424126,314565.9545811679,2016,4.500061649611486,67.5355277913638,72.03558944097529,0.05460921435485581
Row Crop,87138.54707190511,249196.00101848622,4268834.29477089,19065.178896647547,4498965.116892728,2016,2.859767684820982,48.9890460446664,51.84881372948738,0.21879156283057274
Vineyard,30925.352112676057,128044.23011999998,1819934.71941438,1123.6921853740034,1946855.257349006,2016,4.140429174532039,58.84928044742951,62.989709621961545,0.03633563107963485
Rangeland,586047,31879006.25713638,22117753.916074075,0,53996760.17321046,2016,54.3966716955063,37.74058039043639,92.13725208594269,0
