year,acres_fallow,acres_fodder,acres_greenhouse,acres_orchard,acres_pastureland,acres_row_crop,acres_vineyard,acres_rangeland,abvgc_fallow,abvgc_fodder,abvgc_greenhouse,abvgc_orchard,abvgc_pastureland,abvgc_row_crop,abvgc_vineyard,abvgc_rangeland,soilc_fallow,soilc_fodder,soilc_greenhouse,soilc_orchard,soilc_pastureland,soilc_row_crop,soilc_vineyard,soilc_rangeland,noemit_fallow,noemit_fodder,noemit_greenhouse,noemit_orchard,noemit_pastureland,noemit_row_crop,noemit_vineyard,noemit_rangeland,net_fallow,net_fodder,net_greenhouse,net_orchard,net_pastureland,net_row_crop,net_vineyard,net_rangeland
2012,1311.860637509266,2836.100815418829,806.8198665678281,12304.225352112677,4010.303928836175,73620.31134173462,26640.17790956264,584125,0,3477.5554533782397,0,103076.06399999997,4917.333763880639,60180.915477093215,31265.711999999963,8638987.870762646,18845.719407,42371.377821,13797.656613,202871.442717,65780.2872,1009446.1933139997,435896.01215100003,6155929.084182152,0,308.6134925265111,0,2578.853713000565,436.3857218482377,28642.95231962424,1575.4787235371641,0,18845.719407,45540.31978185173,13797.656613,303368.65300399944,70261.2352420324,1040984.1564714686,465586.2454274628,14794916.954944797
2016,8027.50185322461,6844.403261675315,1937.2127501853224,16878.280207561158,2541.2157153446997,80597.47961452928,30613.120830244625,586047,0,4464.9488742739195,0,115610.32799999998,3115.9747640361597,62001.36244696331,34147.41299999996,8667413.523983456,28313.669268,61130.261079,19398.359709,224186.049171,48735.97324200001,1055421.5305409997,483679.28844900004,6176184.501601023,18.450114215484735,593.2423363407522,77.99719170801139,3369.0358874620647,228.75953170045364,32067.348282054223,1901.2008481284254,0,28295.219153784517,65001.96761693317,19320.36251729199,336427.3412835379,51623.188474335715,1085355.5447059087,515925.5006008716,14843598.025584478
2019,7465.307635285397,5090.437361008154,1691.9199406968125,13633.654558932543,1725.9451445515197,62610.15567086731,31674.79614529281,573678,0,6241.766198371198,0,114213.07799999998,2116.3105052668798,51180.66492473668,37174.49099999994,8484480.69115921,93492.839142,93081.450915,15571.767708,228282.135534,33169.246047,914318.3963699996,511507.09494900005,6045831.089502159,0,553.9216532527123,0,3243.592313332583,187.81065753142417,24135.718277978543,1873.222002071272,0,93492.839142,98769.29546011849,15571.767708,339251.6212206674,35097.74589473545,941363.3430167577,546808.3639469286,14530311.780661367
